usuario,dominio,proyecto,password
alumno1,dominio-alumno1,proyecto-alumno1,Pa$$w0rd
alumno2,dominio-alumno2,proyecto-alumno2,Pa$$w0rd
alumno3,dominio-alumno3,proyecto-alumno3,Pa$$w0rd
alumno4,dominio-alumno4,proyecto-alumno4,Pa$$w0rd
alumno5,dominio-alumno5,proyecto-alumno5,Pa$$w0rd
alumno6,dominio-alumno6,proyecto-alumno6,Pa$$w0rd
alumno7,dominio-alumno7,proyecto-alumno7,Pa$$w0rd
alumno8,dominio-alumno8,proyecto-alumno8,Pa$$w0rd
alumno9,dominio-alumno9,proyecto-alumno9,Pa$$w0rd
alumno10,dominio-alumno10,proyecto-alumno10,Pa$$w0rd
alumno11,dominio-alumno11,proyecto-alumno11,Pa$$w0rd
alumno12,dominio-alumno12,proyecto-alumno12,Pa$$w0rd
alumno13,dominio-alumno13,proyecto-alumno13,Pa$$w0rd
alumno14,dominio-alumno14,proyecto-alumno14,Pa$$w0rd
alumno15,dominio-alumno15,proyecto-alumno15,Pa$$w0rd
profesor,dominio-profesor,proyecto-profesor,Pa$$w0rd
